,39+3
0,30.188818836492885
1,43.409877010603125
2,1.7968510739480579
3,-18.884799979429868
4,4.993108852062426
5,50.497647802340445
6,36.57644512186549
7,27.862715550113816
8,29.865231152928157
9,37.77880513308035
10,-26.33324077921444
11,-42.30920043101282
12,-6.209736188611246
13,35.279251716825584
14,16.57223204791369
15,17.473598493619676
16,9.578093967168082
17,9.760720707597882
18,-64.91306589395028
19,-69.48295479834836
20,-19.397200203216983
21,23.613084139747496
22,1.7692343083361777
23,3.858900378252688
24,13.145479807934995
25,24.470592195597508
26,-37.23830495037589
27,-49.33779629355684
28,-7.871235448312887
29,37.24838229241399
30,25.642119546238508
31,29.4617634793057
32,35.83046060057903
33,42.228760064987185
34,-10.614216454710185
35,-31.011859620220235
36,-5.130038642857154
37,40.223351618079676
38,32.97553157847566
39,27.69829523973716
40,29.078840976658544
41,38.94364232913321
42,-6.864893839428974
43,-18.379606267223437
44,9.949057679684687
45,58.120800464512776
46,44.08192191918786
47,27.159780584726917
48,29.74749489877574
49,36.34805763444572
50,-11.690069881219014
51,-18.845881790400988
52,3.830071893352332
53,51.179491505796314
54,52.36861443552025
55,34.00741762730257
56,21.987691524353963
57,32.5916362429646
58,4.95609427638389
59,-16.47749641603856
60,1.2696556327114847
61,56.78315344304123
62,56.38008227821865
63,45.262182562517076
64,46.282241958853675
65,53.6154145005356
66,32.51415420542242
67,10.804794185106381
68,17.695031728648534
69,65.68831239960761
70,64.05478451381434
71,52.14490317710373
72,51.02221847533643
73,54.164489626998055
74,16.974425932842113
75,-7.575793362557859
76,11.335648733745025
77,61.01948288228815
78,58.43478762245503
79,48.4203786893067
80,38.27590863731867
81,41.33119544728996
82,3.1616003444418492
83,-15.621007618014636
84,9.498070814045715
85,54.355834636221125
86,46.83060174199983
87,36.37210560311267
88,23.422946746588867
89,22.98170307578996
90,-25.122810363416825
91,-35.07578659501115
92,-15.794048611791915
93,33.66767223322853
94,25.7286714686659
95,13.169520667909316
96,4.048795227753499
97,11.96077077249781
98,-52.106528681080526
99,-57.51184070044994
100,-24.863501855247513
101,32.0271834442833
102,13.134939350531038
103,10.39381370099026
104,9.240526445878674
105,16.535922090293425
106,-41.91155408837558
107,-66.63706249058679
108,-44.14940621691815
109,-5.302350318365412
110,-10.466898272111733
111,-8.593251562870359
112,9.063682729889107
113,22.808655855284687
114,-21.16434929969053
115,-40.02419161814509
116,-9.425109694573418
117,32.557984423469385
118,26.331255325746103
119,11.608967088833666
120,6.971230248461373
121,11.71573255389676
122,-48.46362789377837
123,-52.93000999774156
124,-22.451305761154018
125,27.4565500030135
126,18.13622739970378
127,2.3848526507790537
128,14.245173686200637
129,22.441434385114054
130,-35.99642607290823
131,-41.93955090705091
132,-13.99955812571325
133,26.80486507488345
134,15.359175951241436
135,14.179905950982208
136,20.597196555581462
137,29.950106846456976
138,-31.823270545271683
139,-43.55867520485882
140,-10.740432125783428
141,34.59382858006167
142,10.133267372155565
143,2.097850601456516
144,3.505999215319685
145,19.933069614662532
146,-34.85475105375533
147,-41.393468255096934
148,-6.0708242247236095
149,40.71465057304617
150,11.942621546663196
151,7.251004490689716
152,12.516847039038252
153,29.044754755235942
154,-20.96204209055097
155,-40.31699820854159
156,-7.052930233512776
157,36.79088917478613
158,12.023576470762489
159,10.92765632166715
160,13.495942557285614
161,25.465282775708886
162,-29.257452851782585
163,-55.84602244229214
164,-21.08076743361812
165,22.540582896005354
166,8.370004431939172
167,9.01304096176038
168,13.59954192307201
169,24.516255999235813
170,-32.176733271375795
171,-49.68036489582101
172,-13.275375756625186
173,33.95600888778512
174,20.670769155598833
175,19.305396437102345
176,17.551498857869042
177,27.59083959739024
178,-20.202566864680477
179,-40.493321442254484
180,-12.361196631469365
181,26.377959446843807
182,5.798273871086972
183,-2.705690321808879
184,-12.694914526119835
185,-0.6182794276670692
186,-48.012162467761186
187,-58.73535218238121
188,-25.87015970470725
189,13.279787750255934
190,-2.981132816576969
191,-7.843682348617676
192,2.423340273021203
193,26.212518726398812
194,-25.128632940609627
195,-40.39035545724527
196,-7.405766478904595
197,31.868064324107337
198,9.065112334501467
199,2.661959181442338
200,6.944580235851848
201,16.284228416972468
202,-34.87412312785485
203,-44.4033001694672
204,-9.610200158210668
205,32.94837912925363
206,1.0237034908279885
207,-2.8363777933686882
208,8.459942427942421
209,26.856732151144683
210,-31.13128851775628
211,-48.694590080235585
212,-16.69391073052196
213,33.24051749372489
214,10.443479126278971
215,9.146545305670841
216,5.456721266574424
217,12.87083086085489
218,-37.2637902384843
219,-47.31691713269917
220,-3.242998178854316
221,43.42653914832341
222,21.94761253555079
223,12.1093669117761
224,19.465276978471014
225,31.22056289841004
226,-14.931549112363799
227,-20.09189173748855
228,10.82118428627874
229,59.03066740976569
230,41.98383906313113
231,25.227309560079885
232,14.982045009011024
233,25.02768166614653
234,-9.204059748547387
235,-14.272576772481976
236,14.993891168668757
237,62.34524704363244
238,51.04595821797554
239,31.441286733350207
240,37.48106643524941
241,47.507811919267716
242,12.746950028490321
243,-10.3448034335705
244,15.38604027635194
245,57.250255711252166
246,46.40353909619527
247,31.604061537651617
248,16.417051043488087
249,30.31697114106203
250,-3.414636494470195
251,-19.596570830429474
252,13.143872411677307
253,51.88295524167673
254,45.308978598096346
255,39.6705349489628
256,23.90933247080715
257,39.28979340538827
258,-6.870770201381108
259,-26.94214767071355
260,1.5350758878649988
261,47.84442363284775
262,38.191165099980054
263,28.971192385091882
264,18.040076509081743
265,32.922829952269815
266,-25.97336432735121
267,-46.883223479538174
268,-20.727633782973946
269,20.359575724437594
270,13.153332490281809
271,10.775029333313492
272,9.83697183601525
273,15.774527293646976
274,-43.356744593143056
275,-71.67022491721755
276,-38.42406115031263
277,14.77427420492795
278,11.748817320261917
279,11.965625592435858
280,13.598543657237592
281,11.215626438963891
282,-48.867019267111175
283,-54.56443146161049
284,-23.339117941463073
285,9.535496810662796
286,6.7024971392219745
287,7.072863808619459
288,-0.04602778401631902
289,5.206095033619261
290,-54.481803595211474
291,-57.90016120019538
292,-25.024122463486947
293,12.77722847154839
294,-0.5321307768236633
295,-3.5936311739468723
296,-5.589787923004455
297,-8.730905410493913
298,-64.3829165653524
299,-73.8606105178757
300,-24.956388189593987
301,17.704533543191495
302,-0.8835438232263568
303,-1.4033150211647243
304,-1.5858465403584345
305,5.992933926726724
306,-53.35519169218821
307,-61.687844729010216
308,-19.2415979136553
309,23.40004349517437
310,-0.12564735584684064
311,-6.797990940693594
312,6.380793278278121
313,18.689312587118675
314,-38.92666506922862
315,-42.94698091259526
316,-8.23312271773911
317,34.025043545066914
318,4.167533809750362
319,-11.122910674129566
320,-14.934251912877308
321,-9.874694157011977
322,-50.8851864322694
323,-41.988084979048814
324,-5.819664050873049
325,42.89693621448885
326,24.998933955660554
327,20.320693484493813
328,15.877817865924147
329,18.891584286239958
330,-49.519808290426575
331,-49.69937277266606
332,-12.868294700120213
333,33.141167001055045
334,18.510925253707907
335,14.398028583208438
336,18.38710621773418
337,25.969627191026355
338,-36.90008126553726
339,-43.392984800529206
340,-7.123692120110173
341,40.360228453488254
342,31.144004388047954
343,14.186230108745736
344,5.570960459503436
345,8.388858640232
346,-50.81872263815041
347,-42.6717586600044
348,-2.698699420534119
349,43.54179954569987
350,31.095925674138286
351,18.554381651073747
352,15.863560720045331
353,21.040029642577366
354,-27.680850931146406
355,-32.01101246443815
356,2.7152321658636867
357,39.72527635689001
358,31.010580628505593
359,31.859934809329598
360,28.599298032383107
361,35.383480825182374
362,-11.3055890254444
363,-31.79751575562381
364,-4.971161247135417
365,30.78859190456553
366,20.940612155438995
367,24.11037731293099
368,23.22207977488504
369,37.11335153842958
370,-21.95623430202281
371,-35.93243560187796
372,0.5734292570237767
373,43.601821068722124
374,24.960798731393446
375,22.498366565066295
376,17.059375078926486
377,23.018781123140386
378,-43.88315018192804
379,-53.437835722715654
380,-16.265449523049327
381,27.202435185599807
382,4.076047314639828
383,5.586003676662273
384,10.82544927400574
385,8.996717862867442
386,-51.26724321488794
387,-55.30242488381943
388,-14.565076841619492
389,23.764889411461823
390,11.453524135365287
391,20.917114011509177
392,26.93968405833596
393,33.722185619658504
394,-20.315838615110994
395,-35.18433751601046
396,-3.225401023606719
397,41.79421109993267
398,31.53564154284922
399,25.217450715946114
400,22.93197309050753
401,23.94027897729964
402,-23.131094432383385
403,-31.131408981556103
404,1.163910125082279
405,41.46286620624402
406,18.624359886566346
407,16.230790955525645
408,14.262193489806728
409,24.786726263512193
410,-19.77366472298834
411,-32.36272640347192
412,-4.236010936398076
413,38.88330360746464
414,23.835511861188905
415,11.863422674675924
416,10.203137546403998
417,11.57002222777517
418,-45.99960108218227
419,-55.791620851040165
420,-23.243589432587264
421,7.778406313712704
422,-9.933297974544393
423,-5.409822294041486
424,1.70597919769271
425,10.442033153502502
426,-53.6785435525922
427,-77.85222475828867
428,-52.43293990292851
429,-0.02448881269529416
430,-14.452171329987447
431,-26.052775473164733
432,-22.524111116299572
433,-5.444359934704648
434,-63.040420813303385
435,-91.37778711678737
436,-74.81165923341435
437,-17.839547030012493
438,-15.86421585730909
439,-23.317443733664327
440,-15.991817205163988
441,-15.053523443295214
442,-68.19760245901628
443,-70.5311772393837
444,-44.69557602018293
445,-0.10616072243677162
446,-6.809159222786317
447,-19.21241836968959
448,-38.358195917603425
449,-25.918185988156914
450,-72.41121791061828
451,-86.58368943388223
452,-55.381406194296815
453,-2.546351362245212
454,-5.257185952033778
455,-24.858523871624914
456,-30.223211885378376
457,-17.310135615058506
458,-64.90082566475343
459,-63.24591986383004
460,-27.459860035721174
461,10.3922173130495
462,-4.9444454143621845
463,-1.8266792563656662
464,-1.666760229310333
465,-3.940117316760621
466,-53.83166477328771
467,-61.96162597643987
468,-25.530227012070114
469,17.364864710214647
470,-0.6536655504657777
471,-3.786053786061706
472,5.944915150781235
473,17.70028100382974
474,-40.57301786253636
475,-49.27533891723635
476,-19.391035462914495
477,15.66386468581744
478,-10.206191379032704
479,-30.682714033547985
480,-17.181708467454907
481,3.402710872891763
482,-40.637621530692726
483,-50.935702752313446
484,-22.003822285737826
485,20.87345848933714
486,1.3514042669836033
487,-8.118547810991084
488,-13.25364655472977
489,-12.282926621108054
490,-64.49633303391369
491,-57.91189612069556
492,-23.649427495767203
493,23.636771787790433
494,12.850268975595169
495,3.9206151846445754
496,-7.7622878379587235
497,-4.320920743708402
498,-66.5556857449879
499,-52.79850727554256
500,-11.74935596317431
501,30.17459082323689
502,15.276111864325635
503,-10.444485751195735
504,-17.35195544842134
505,1.2652444667777083
506,-37.74084563750285
507,-35.56020023378879
508,-3.7810319739591622
509,38.44322796284495
510,9.792934288052583
511,-4.4671494463775945
512,-25.96314506411329
513,-10.770657388138783
514,-50.75360369485791
515,-42.64770835200654
516,-5.900407306350586
517,41.716339239592756
518,28.247348483011837
519,18.767579182936036
520,11.519150353609131
521,11.169959465327675
522,-36.97454108985507
523,-34.8676665974592
524,-3.910715894524674
525,37.42985278184262
526,16.75188022188343
527,-16.65673774537167
528,-24.26623188116727
529,-5.812819654283578
530,-39.89055340127155
531,-51.49140342097419
532,-27.65293526892419
533,28.741499586189278
534,34.81418792136023
535,22.30899117523005
536,9.240989431621536
537,6.627229944434892
538,-55.476987655798965
539,-48.56086992690104
540,-20.530069216832775
541,17.651574761767396
542,1.4183966914833794
543,-12.97819517257192
544,-12.515331103382373
545,-5.014643009571672
546,-51.04280309441276
547,-42.12823137991126
548,-6.854288562611796
549,38.50742293707916
550,21.996652285183263
551,3.5486529254136907
552,-22.51419275496478
553,-18.008910220605
554,-67.88977585665299
555,-47.80115786048188
556,-9.774587982342904
557,34.81473948720784
558,25.38447793347313
559,7.089230256687998
560,-6.786464287653227
561,-6.571092246214317
562,-50.738821833654754
563,-49.54658820710676
564,-25.855110714635067
565,13.616043593720294
566,5.3142789875548715
567,-14.29733462709678
568,-22.037967475572746
569,-9.18126724790455
570,-48.325483714285106
571,-56.57037515242935
572,-36.514409678047016
573,10.411460722829272
574,25.329877793993294
575,28.42447186282375
576,18.775741947986425
577,20.521208535544574
578,-32.79814605986454
579,-49.37263754736815
580,-24.46113449025006
581,23.80944919031259
582,-2.051449715236787
583,-2.0841803803971444
584,15.933806277275895
585,18.91665152180882
586,-24.122431470847854
587,-43.475978406537216
588,-19.857189342522904
589,25.13530304330427
590,12.241951739230721
591,-3.532632413806555
592,-12.243179868744242
593,-4.076958047994893
594,-58.57488066954528
595,-69.95987651732173
596,-47.06341883794898
597,8.203121421547918
598,12.081230432661567
599,-9.920197021156552
600,-15.566895115236642
601,-12.727875654827713
602,-64.2489128307851
603,-67.42248497061907
604,-28.76886264886407
605,26.606316202816146
606,25.929270327930148
607,17.563427264655225
608,18.225766313787446
609,30.221360023003513
610,-12.666798672442631
611,-21.866095780180647
612,3.684758054586675
613,53.869597201517905
614,45.75633362943908
615,32.676334769277915
616,38.1273419409247
617,49.41201096730774
618,30.472851913019102
619,-2.7205929532396502
620,14.793417761872792
621,66.65513460087563
622,59.43658805610877
623,45.099579703367546
624,38.47640322799156
625,39.151549894671774
626,5.0796935882113186
627,-10.511487231251829
628,6.309168038759638
629,59.80870120848353
630,57.828893898206736
631,46.64464404739278
632,37.063044189553
633,38.62027266509688
634,5.632349847539056
635,-12.166907454451307
636,-15.13819142270646
637,35.70394031056057
638,37.70249910968029
639,31.985006839898944
640,30.605094549505157
641,33.585914616347026
642,-14.789882069490208
643,-36.06060079541187
644,-18.12380304986658
645,34.4546653641263
646,33.135442354257705
647,32.72089613261346
648,36.37331181051717
649,42.76518392604783
650,-11.665429508118203
651,-23.922415516667186
652,-2.163830308260788
653,49.727074510296674
654,43.3037237090572
655,35.94285322438853
656,32.2784229146941
657,33.68643429602953
658,-23.037343712622405
659,-33.081203051638944
660,-13.026614432986339
661,40.87667647897763
662,33.34706806409635
663,17.899406481842995
664,20.756280879147706
665,22.412480623094037
666,-20.14132683519865
667,-29.216629380733938
668,-2.1842401334514365
669,45.75835800456495
670,36.87645812171755
671,23.171971408052922
672,23.744642912483172
673,32.50912337740966
674,4.096940377080806
675,-9.06692111976666
676,3.154050574393189
677,51.929355943927526
678,47.24798935315448
679,39.73467054456012
680,43.55564687137717
681,49.34705216665347
682,6.180947161522304
683,-13.82939255839161
684,5.82261498757827
685,56.02332133690454
686,48.57373319408842
687,37.915661665138465
688,39.635051349158566
689,42.69141086097094
690,29.588112916539153
691,4.693401382565395
692,20.69076904837836
693,60.73176251345895
694,56.40299148929174
695,43.64964161557356
696,41.3912141550685
697,48.5535701643405
698,21.326133374769014
699,-4.21520679155124
700,13.277577559789846
701,54.92877124327084
702,46.54907828999045
703,39.350908074335436
704,42.93269309424769
705,47.656026992969615
706,1.069283922315667
707,-12.761268117537808
708,6.99763920173595
709,53.486801610125426
710,34.936890272202575
711,20.39629495367342
712,20.467490234898083
713,38.5493382945518
714,13.90229536401566
715,1.764547259912638
716,19.18983640414787
717,66.20477953531548
718,60.278857288725916
719,47.463029821973166
720,45.36951645763147
721,53.49089948716636
722,29.70394849679209
723,5.576602660838515
724,17.188311979170425
725,55.170100715327564
726,45.22216945483853
727,39.36471416304027
728,44.4731109489607
729,49.74655365167758
730,15.105324124877802
731,-5.4217407025475355
732,11.419289871676115
733,52.85596886063026
734,43.54221676728467
735,31.177529464369872
736,28.203703242938623
737,32.0533622027448
738,-21.62678193005308
739,-29.537744482849714
740,-9.509071060108807
741,36.73421272706422
742,34.91134734631229
743,31.20539869971665
744,35.471273094962974
745,42.529515768438735
746,-3.4184283988961
747,-16.967753356169652
748,5.724350167361308
749,47.67224309914615
750,49.36396906400253
751,41.91130231575498
752,43.11129564539178
753,47.161322961919225
754,3.334474186390948
755,-14.880082540877364
756,10.851616760037544
757,52.09227209426764
758,43.653689481482324
759,30.26912284376093
760,27.305823183572038
761,34.9459035358118
762,5.266417616920739
763,-8.948536213113762
764,10.364045920050065
765,59.11296897415568
766,40.17624848310906
767,32.465140460857576
768,37.408383868860824
769,48.17097388510422
770,15.361926602634771
771,-7.639910909042758
772,13.718545984662686
773,67.55912326331766
774,62.74895913271112
775,38.54297710251161
776,40.94977749312863
777,51.480309035409014
778,16.875099183128967
779,-7.4523730178058925
780,10.463945485770472
781,63.28466089146887
782,56.74766823947901
783,45.18170397511665
784,41.835152481182625
785,48.70445584873071
786,9.86121582342014
787,-11.60017504371218
788,8.637805242611925
789,58.081553763674734
790,50.19403153386772
791,42.87649369552646
792,44.531579502499405
793,51.94801597751986
794,16.330865379174547
795,-1.4121754917241403
796,16.8300588266229
797,67.60931102512704
798,64.11130945741309
799,37.73033635323409
800,34.527469255534754
801,49.59989565752168
802,23.11080255517401
803,-1.2840597126860427
804,22.94889446429642
805,61.47632818687442
806,50.59336785792399
807,41.62766906524285
808,45.849255141996245
809,54.87154605553819
810,34.74648679347535
811,16.819879247758646
812,29.003779447071988
813,68.32813969528219
814,64.11127529146525
815,47.95485857734676
816,46.54313971014076
817,55.41064185401971
818,17.547887457510775
819,-3.572893063605736
820,18.49432616547725
821,66.30133424874252
822,52.10119389670909
823,33.469643872736015
824,33.66706097390839
825,44.53360439680274
826,7.942803619805321
827,-13.446275402284346
828,4.297900468210888
829,57.43190204840733
830,48.83572404491702
831,39.031471153926915
832,38.730364344169665
833,42.47372792686842
834,-0.6453724468950821
835,-19.63880571840774
836,6.897641136364595
837,47.039812998184665
838,30.52991596432102
839,15.23437986444723
840,20.595202227061886
841,34.640814604727446
842,0.4410529088931886
843,-20.313593965299553
844,-3.3083308541337137
845,38.45734009959296
846,28.908996991731847
847,23.71071013608168
848,25.706271726240498
849,36.13270468790348
850,-0.3742626961023954
851,-11.650218314443046
852,12.074905372194431
853,53.393400722605016
854,42.80891424146845
855,27.9982697820748
856,30.798323867768218
857,41.62786467829007
858,5.387153673751462
859,-1.3342066423431227
860,15.941905159404197
861,58.67259281155489
862,45.095093499268074
863,29.51046927369043
864,32.198095136642344
865,39.6681414353159
866,-3.3287806125381176
867,-17.793126420253973
868,-1.6386387915933913
869,31.569072387164802
870,22.82461093843375
871,21.879462035711327
872,26.610294224339672
873,39.22544971057406
874,-0.5459196669646288
875,-23.51504030013108
876,-5.31878195711502
877,42.265822321890184
878,28.477636036240618
879,22.320581946905094
880,27.917038360197765
881,37.45946596802086
882,-5.1290438811990215
883,-27.020566968974737
884,-3.708060721077247
885,43.86346330467519
886,26.015913518920577
887,17.625153578381237
888,22.630038223826002
889,36.56225224176935
890,4.674897702224396
891,-17.76913552456704
892,2.7179713003831716
893,43.997161244454915
894,31.024860793878126
895,24.908450001948722
896,31.201270872895815
897,35.28132732537294
898,-13.837387417047752
899,-27.979955285172654
900,-8.752192666154047
901,32.67506715979897
902,28.486025893372606
903,20.54517799816018
904,18.272943033724022
905,8.471907959040571
906,-43.715594655406306
907,-33.54048918889168
908,-1.9612776092139088
909,39.49367565072242
910,25.065641515949626
911,14.497930844384404
912,5.284237919706343
913,7.90061860477638
914,-32.32668816947376
915,-34.37492484363527
916,-3.547121269063556
917,33.2885391876294
918,15.133494139563098
919,16.495780012238345
920,17.231899566737372
921,24.94522593966028
922,-20.49251368999111
923,-33.63031096767343
924,-0.3106413882062766
925,49.14349598287714
926,18.19153688714997
927,-2.5090666001423587
928,-2.1769665961042155
929,12.27672007967626
930,-37.43465034211634
931,-42.22591248858705
932,-6.640023394770589
933,35.80111174854759
934,0.9326498598394921
935,-23.514656807712225
936,-18.952332179421553
937,-2.9534978300999724
938,-62.12564936604882
939,-62.332982558768194
940,-36.0792955106891
941,17.678177226789828
942,7.707677029146761
943,14.286528293368564
944,19.420258753800486
945,26.777697921925284
946,-10.749607574177375
947,-11.360007030868191
948,1.0333317944632807
949,46.47495011726232
950,42.44052008965407
951,32.715606403994755
952,29.519362281957736
953,21.629656214443617
954,-26.890314326501297
955,-28.080468415637004
956,-1.8505005257924458
957,19.700905944489836
958,1.2347484169533895
959,-1.5299903454241444
960,9.915250966773629
961,21.41947544418988
962,-16.457919027316137
963,-24.611313993661387
964,-6.978886016713997
965,29.386932127326975
966,18.549295464625757
967,8.876532228538633
968,13.168410898348803
969,21.591086423212207
970,-36.71233550366021
971,-44.4751358416646
972,-15.654424952275798
973,10.395524884460999
974,-20.908355512395747
975,-20.976643014104635
976,-8.462724768582524
977,9.76219614982521
978,-50.279589046438225
979,-58.54551411222284
980,-37.04769335420427
981,8.10537333680684
982,-1.0679848511746637
983,-12.872773242471304
984,2.4591079811862824
985,16.538923605350284
986,-45.54498890375271
987,-54.70562558595072
988,-21.29520798899347
989,8.884089975561333
990,-13.598008807556946
991,-6.251954032689828
992,4.256158881434523
993,10.697746614162174
994,-42.69059752365523
995,-49.4244319487676
996,-43.271959700279396
997,-12.159019811534245
998,-6.246325494148699
999,5.890823348774363
1000,15.924485689481415
1001,27.58491116196145
1002,-20.592309069933258
1003,-40.69991281660997
1004,-39.55174771429778
1005,-12.060987844731965
1006,-11.627215865302082
1007,-14.039596482309815
1008,2.9961769800148055
1009,24.41193863770331
1010,-28.249725923215895
1011,-36.76105157138013
1012,-11.151160148398105
1013,36.65941122119548
1014,20.44156448153785
1015,6.37777081458335
1016,14.144964218190042
1017,17.943176982138112
1018,-43.19246745720433
1019,-63.02795985511138
1020,-15.326336389814216
1021,15.94824475968605
1022,-18.696283802366885
1023,-27.590178682256507
1024,-3.1543751550961634
1025,12.475894931808963
1026,-40.69149016646811
1027,-50.262564573215954
1028,-22.271957396443312
1029,12.592447616129935
1030,-0.49934527084901237
1031,4.108123611235664
1032,15.679343164161741
1033,22.983147249542117
1034,-24.184744973714817
1035,-35.75424594060211
1036,-4.263667438683334
1037,30.312622338714586
1038,7.297832222465967
1039,-10.782137724126653
1040,-3.9518851689784316
1041,6.133323025541598
1042,-50.171004481140635
1043,-72.81292341648536
1044,-71.4438797648457
1045,-38.027022177752855
1046,-28.12045482500132
1047,-15.181351681002186
1048,-1.8018878777917022
1049,-0.35373199310817915
1050,-67.05386583520922
1051,-72.14354622229624
1052,-45.216249014111106
1053,-9.176902782647623
1054,-25.483126295622654
1055,-24.470992644192986
1056,-13.594530612460673
1057,-8.49442283307428
1058,-57.32786652481155
1059,-64.02403458631447
1060,-45.28544063682334
1061,-9.651094203278383
1062,-31.915612266381494
1063,-32.970889445291775
1064,-22.292505392711988
1065,-23.02511135844014
1066,-82.68391491066303
1067,-86.83183643855585
1068,-53.85831684789514
1069,-17.87660543360546
1070,-31.238355700164323
1071,-35.12628183960493
1072,-21.851091818499583
1073,-14.933554803690331
1074,-79.03321277005635
1075,-73.2401764651451
1076,-34.15834374916886
1077,-5.43959777641162
1078,-24.456438679916012
1079,-32.43132247248839
1080,-15.161422820654568
1081,-10.993670776892952
1082,-81.27979005594132
1083,-72.06013838851557
1084,-27.612811053270885
1085,12.37324388400092
1086,-10.661479979830528
1087,-20.84180447549894
1088,-13.541539031114343
1089,-5.204354287372286
1090,-73.45491206612212
1091,-80.95264734569253
1092,-38.84414401320391
1093,-2.7403024754532326
1094,-36.67881829044703
1095,-58.554249609802504
1096,-41.53370078818203
1097,-35.42978182158951
1098,-103.60275275773841
1099,-77.96193188160427
1100,-43.33008395304889
1101,-15.597665502424258
1102,-31.212866395695915
1103,-39.670679831133974
1104,-35.797723812663676
1105,-9.641308973967513
1106,-73.54314093779838
1107,-71.10488564732648
1108,-12.72998504063783
1109,20.57569118199304
1110,-30.934449031632713
1111,-58.33085959154554
1112,-46.23773746403972
1113,-23.350761833924672
1114,-78.12678640477911
1115,-79.97541964388498
1116,-30.572371198595906
1117,18.917643895491
1118,0.7274701194513977
1119,-14.891191936882665
1120,-17.170345049212038
1121,-12.220344427342734
1122,-72.83025643794421
1123,-56.79892059396854
1124,-7.36433740953116
1125,18.169848044183237
1126,-9.724301878878844
1127,-37.212948775218095
1128,-30.925313149560182
1129,-13.585970714339568
1130,-75.3140779544119
1131,-50.53325114454212
1132,-14.298127739217387
1133,16.845229587767
1134,-3.8525234624280604
1135,-13.0071713936632
1136,-15.783265549353027
1137,-11.258711969172627
1138,-54.78637967775909
1139,-47.023129505879716
1140,-16.812132457348795
1141,21.2729369358941
1142,2.3793587472479487
1143,-18.674193526906674
1144,-9.022980022601542
1145,3.013084937337668
1146,-48.031811755606675
1147,-53.42345127435867
1148,-16.89667832161459
1149,27.429563275446824
1150,-0.2626032420593704
1151,-20.49637368836081
1152,-10.245971028697252
1153,-1.4617533272496346
1154,-58.92607257182661
1155,-62.97144654355425
1156,-23.29382798573871
1157,30.100337760472364
1158,-11.962409560502921
1159,-28.050834823030776
1160,-16.254134068226566
1161,-1.258163755835061
1162,-60.63346187145547
1163,-63.960965582862464
1164,-31.8562754698677
1165,3.832134675327992
1166,-29.26062973384797
1167,-32.57647741448622
1168,-21.39131479131559
1169,-12.809909672613887
1170,-74.86129064336295
1171,-64.13728630486598
1172,-31.21973022864449
1173,-5.009702666378347
1174,-26.674113809466174
1175,-37.57529188079257
1176,-17.415878958858112
1177,-8.05802444806993
1178,-65.3103909726575
1179,-64.71994357207612
1180,-41.77704079594778
1181,-4.805571639171763
1182,-13.926889540065051
1183,-25.397438433580746
1184,-10.607913547158162
1185,5.571394165690029
1186,-50.31142811768067
1187,-62.54810911491848
1188,-29.00798040477999
1189,-15.263452529067532
1190,-37.93434345945238
1191,-32.021995166108105
1192,-22.15050101465198
1193,-10.276450577546987
1194,-69.12258832733899
1195,-74.53756628022767
1196,-48.91837560371462
1197,-42.53455943331908
1198,-52.9710392504814
1199,-33.02069155393174
1200,-20.486655234586884
1201,-10.18899828990284
1202,-71.49863867564152
1203,-78.26796958620326
1204,-50.41143307993008
1205,-9.946664391832195
1206,-21.08491171085005
1207,-27.16349205514035
1208,-13.985856424131693
1209,-10.01052779505476
1210,-81.88353976076938
1211,-84.36137568580102
1212,-49.73908986716074
1213,-4.479260389336536
1214,-19.971222916807548
1215,-43.25950473896834
1216,-31.66378549807936
1217,-12.375950183862704
1218,-67.41476131139285
1219,-80.29701036877113
1220,-47.59543756750617
1221,-2.570224465872499
1222,-23.155676366075923
1223,-45.35779154463845
1224,-38.110274968584925
1225,-22.039646350919366
1226,-71.78999417708017
1227,-78.545894374792
1228,-42.7758044332651
1229,-2.5237357666024782
1230,-41.119637747405044
1231,-66.86665395710095
1232,-54.6326794903937
1233,-36.38294310531938
1234,-94.29140850262013
1235,-83.58832848549419
1236,-29.3208282374953
1237,-10.60184627718266
1238,-32.05277879444728
1239,-37.15068262688686
1240,-39.74958904251466
1241,-36.95535273272434
1242,-92.06767453153938
1243,-63.16443284822423
1244,-21.46325022427961
1245,12.132539472204286
1246,-12.97014653082245
1247,-38.83597076197543
1248,-27.242493258412143
1249,-15.380013262010912
1250,-61.088724167601185
1251,-23.782811922624308
1252,11.684390715496958
1253,35.6148682653108
1254,14.759805140085232
1255,-18.698014915787173
1256,-22.082413197865794
1257,-11.80642782376329
1258,-55.084092750817724
1259,-41.98835104293101
1260,12.910401444413623
1261,42.068732018909216
1262,-1.2307963672365232
1263,-42.13982285932293
1264,-45.8920453906873
1265,-41.43053612621778
1266,-107.53411810146895
1267,-83.38561184992464
1268,-12.13341211887675
1269,7.090257026819234
1270,-32.95103494736503
1271,-55.32794357049258
1272,-38.06977088614894
1273,-26.170507707696057
1274,-80.8572278429223
1275,-48.06613755680651
1276,6.367952192440233
1277,11.089515924990732
1278,-11.608028433261058
1279,-19.468646508778694
1280,-17.036802418198224
1281,-0.1637918977471843
1282,-47.559554579548724
1283,-43.34296946581873
1284,-3.937037793861783
1285,-11.064584372751204
1286,-50.07291188927582
1287,-59.916677252337756
1288,-36.744956041670925
1289,-15.438744205227657
1290,-88.57626151468514
1291,-90.01669968709345
1292,-39.0904573847012
1293,-18.675383857454754
1294,-43.801269181262704
1295,-49.47703098333988
1296,-39.672910016177646
1297,-23.07054564390099
1298,-77.18887238101438
1299,-71.5771548423152
1300,-13.96405980893306
1301,14.336209375518907
1302,-21.64269296169475
1303,-50.210034788879256
1304,-35.19122789916034
1305,-6.817787472368128
1306,-65.27332870661621
1307,-77.05493170412247
1308,-23.78758239675304
1309,12.11894628220145
1310,-24.7598923111915
1311,-47.09414042037186
1312,-25.312540842163568
1313,8.146255351912494
1314,-45.22718906926708
1315,-40.0034366965387
1316,6.044780709241994
1317,29.980914743245364
1318,12.01135564515298
1319,-9.146913514797667
1320,-10.532449290090932
1321,-5.8117053431247685
1322,-61.19401777453491
1323,-40.20702540701101
1324,4.642193024365398
1325,26.80085000479746
1326,2.4561637991994734
1327,-19.796364685135817
1328,-13.985632403268598
1329,-5.070196185032627
1330,-55.00837159544534
1331,-26.39603833205279
1332,-1.307981407255246
1333,10.530982715877899
1334,-21.312843185811463
1335,-60.658705837178054
1336,-69.71341543724267
1337,-36.6922009134544
1338,-75.80342780479188
1339,-67.30598368499375
1340,-14.060096657904053
1341,13.940029807804901
1342,-6.107093771403663
1343,-33.052797946474584
1344,-26.754426896592044
1345,-2.2619543217295264
1346,-52.43464555888265
1347,-68.54931876405195
1348,-22.049944280426256
1349,-6.418107874090735
1350,-9.901574080610047
1351,-14.065410026177242
1352,-9.090226347974271
1353,2.23187338967371
1354,-53.695319838292356
1355,-66.07077250010211
1356,-8.477384652116447
1357,-2.127494910799533
1358,-27.65794471104407
1359,-39.086982943781265
1360,-22.091667113321034
1361,-10.777272907595576
1362,-86.91146437178284
1363,-77.09175329578656
1364,-38.575177554597715
1365,-30.05676813210002
1366,-36.633998580537074
1367,-33.4796455936574
1368,-35.266320247550404
1369,-25.021158150021055
1370,-97.5741893095613
1371,-101.40355829355518
1372,-46.07897146966519
1373,-27.962657497387333
1374,-39.942633084747214
1375,-40.827855678249925
1376,-20.692051490755837
1377,-10.347197898843875
1378,-92.13003742465712
1379,-131.6328267355252
1380,-89.11481433893786
1381,-31.211650179083495
1382,-28.627003083375183
1383,-33.274671859455516
1384,-21.567074853183655
1385,-9.384349677402648
1386,-78.91409710540933
1387,-98.07741178035923
1388,-59.50730378739773
1389,-14.150382713621541
1390,-31.330813375603892
1391,-35.105980015535884
1392,-29.011980931289227
1393,-17.140331804591206
1394,-73.33469410497433
1395,-80.62362957165585
1396,-35.5483714148973
1397,-16.864669004266187
1398,-39.33023545605051
1399,-48.30581232923894
1400,-25.613697471997234
1401,-15.105288323132525
1402,-92.10952479676546
1403,-79.81358795604353
1404,-13.96528759841522
1405,-0.1325409575531501
1406,-22.281316733995244
1407,-42.5315495105247
1408,-39.21729871021798
1409,-19.78641249251042
1410,-84.38192927801953
1411,-65.68043660414686
1412,-19.754722117313808
1413,-17.169157909910904
1414,-41.43972608014637
1415,-33.02886274043819
1416,-22.51846050450038
1417,-9.674563532162331
1418,-72.4048142526311
1419,-85.49574412916142
1420,-44.93250442867023
1421,-11.644049412808892
1422,-14.421937536847038
1423,-20.513554524569404
1424,-12.6155426435832
1425,-6.092833819370121
1426,-64.56124351632232
1427,-48.30864830608311
1428,-3.1785160152686127
1429,-3.978771833417972
1430,-24.33950628949379
1431,-25.27482103088674
1432,-26.680303507316456
1433,-19.662239623938124
1434,-88.0796240262223
1435,-101.47625862997455
1436,-43.69491271667819
1437,-13.860123541655039
1438,-35.83697940943123
1439,-56.98268964568389
1440,-57.36448785927027
1441,-38.6570345656854
1442,-99.19100093899847
1443,-103.46630133824443
1444,-36.255736739832834
1445,6.939019610151076
1446,-21.80090518421082
1447,-46.80227036607873
1448,-39.434156435901656
1449,-13.602048869137896
1450,-66.00295309718021
1451,-62.433966406671644
1452,-6.745457982367723
1453,27.252529163051143
1454,-6.619541209113542
1455,-48.349830413846696
1456,-57.166446176922165
1457,-32.534007244573914
1458,-89.01753652548983
1459,-83.98030567376506
1460,-27.758345765607253
1461,-13.304806426526472
1462,-39.86315800869391
1463,-44.16032302421531
1464,-30.087715640370867
1465,-16.46493720244299
1466,-73.17509911359868
1467,-66.77478959324922
1468,-28.368625836103295
1469,-8.006750787886881
1470,-21.21080608135972
1471,-16.226427084669464
1472,-12.017641874593425
1473,-8.647975854986964
1474,-72.31727233596551
1475,-71.34296724836754
1476,-33.38880313619033
1477,7.3829159791294305
1478,-6.781710954826701
1479,-24.706927141890983
1480,-24.19406077508387
1481,-1.5054526753243729
1482,-50.054879630366806
1483,-62.662726459501826
1484,-25.169121674612736
1485,25.566841151631166
1486,-23.104408899233817
1487,-70.70989694854208
1488,-51.60707681489911
1489,-20.72408191987021
1490,-79.71995597935795
1491,-76.31950346117021
1492,-28.794084893246584
1493,10.380020490816788
1494,-24.80087823984033
1495,-56.87208448057039
1496,-47.34266305579877
1497,-42.96027063219074
1498,-105.7436986546694
1499,-76.90097697077132
1500,-47.00129972262437
1501,-5.838865101266386
1502,-8.178105629697283
1503,-20.541247721754683
1504,-23.812693756684205
1505,-8.733627329507774
1506,-71.9440562516407
1507,-68.98254784225799
1508,-21.28612779155368
1509,17.669228713826804
1510,-9.51484841203873
1511,-47.03257899299487
1512,-37.40421934949788
1513,-25.61498244880315
1514,-73.52232062855781
1515,-48.72515738219364
1516,8.553828681301521
1517,29.45590371137108
1518,-1.4521609471560861
1519,-24.52778797544533
1520,-12.167401676702193
1521,-2.357492565692871
1522,-53.10989710251757
1523,-47.35784012077368
1524,9.735037911946947
1525,24.276668712505117
1526,-20.40259319220086
1527,-49.23919355918396
1528,-46.94600594384143
1529,-34.94323421469363
1530,-94.84781358734382
1531,-69.67103850188828
1532,-8.277640763152537
1533,9.087056681170978
1534,-19.55714688953673
1535,-41.36762320932412
1536,-31.028078873006123
1537,-6.496382306468392
1538,-65.57895535844499
1539,-76.22025121786237
1540,-6.174757632608591
1541,0.5084674138229694
1542,-30.82990512475218
1543,-49.122972899665584
1544,-31.36553947436991
1545,-11.84551742060653
1546,-66.24519916175191
1547,-55.58701677080338
1548,9.631305046827206
1549,27.33926336338131
1550,-16.894937320690023
1551,-43.2107219411423
1552,-27.051165277045524
1553,-4.843723071292377
1554,-56.03497877838847
1555,-57.4008709980021
1556,-1.3114735106950144
1557,34.6988318206542
1558,-12.56632429230119
1559,-55.75076415944642
1560,-42.406686413326725
1561,-18.796337378046744
1562,-73.79632315427286
1563,-67.67647216232992
1564,-1.7732687615834528
1565,21.58509520772563
1566,-21.302120904110037
1567,-55.96365227358954
1568,-32.217858040498555
1569,4.814719194772385
1570,-30.761119234799448
1571,-39.64834228491931
1572,7.30401985181814
1573,33.03631360612175
1574,8.667142754022313
1575,-19.407418041605965
1576,-10.017624661266982
1577,5.701075186480908
1578,-36.34432382915277
1579,-39.64678235910288
1580,7.4542594496305865
1581,38.754439017125925
1582,11.622193799660762
1583,-33.51711148030137
1584,-24.89876094726681
1585,-8.989929126831038
1586,-60.779411788036846
1587,-59.497772747446
1588,-5.657551348990952
1589,28.166287200952326
1590,-7.205809795937761
1591,-48.14714547305205
1592,-38.154958852875644
1593,-22.65864075035956
1594,-85.47599227366838
1595,-49.88843660310018
1596,-3.959280226370447
1597,19.247905794752523
1598,-0.28441013782418867
1599,-35.209586220400716
1600,-32.72961594610171
1601,-26.29635391194112
1602,-93.45053947892373
1603,-59.781407055357704
1604,-9.374097889711479
1605,8.397947560106022
1606,-29.21109250196194
1607,-57.70422450944037
1608,-51.296663928353965
1609,-29.43750456461059
1610,-90.178742361188
1611,-104.1208962586368
1612,-48.40294205584609
1613,-0.12365148626041675
1614,-7.9044795810840025
1615,-37.89214235356899
1616,-46.78879611311071
1617,-31.437564695085115
1618,-85.89522926116179
1619,-64.41947987979442
1620,-3.1740195411197147
1621,-1.0403436268238282
1622,-32.10163934875192
1623,-56.38269997056176
1624,-42.67594947783982
1625,-28.84447132807223
1626,-83.74544749502078
1627,-57.58583400013137
1628,-11.034802277593382
1629,-4.775232198698053
1630,-17.999148043794523
1631,-28.68995814180443
1632,-39.07114072318115
1633,-20.58592480697441
1634,-86.05041470381171
1635,-81.53624154522106
1636,-25.283014910259492
1637,-26.094192030795686
1638,-39.63315710603332
1639,-41.898281341511
1640,-30.600183932831833
1641,-11.248397233607962
1642,-67.89444083478791
1643,-116.5612989068794
1644,-83.3941243309255
1645,-33.4722080616368
1646,-58.59353759982771
1647,-70.3930721606838
1648,-42.16841248948892
1649,-25.116255752434345
1650,-67.22976153574736
1651,-75.5619811431229
1652,-35.900166021423125
1653,7.003655626742208
1654,-5.739066155460879
1655,-13.93420287253642
1656,-3.7815157865605284
1657,2.6920162756441095
1658,-54.652994556348986
1659,-21.014745611421244
1660,16.819881797841088
1661,30.365987480183744
1662,12.464668019889576
1663,-12.606562028550412
1664,-13.760106093018239
1665,-3.3840991447591993
1666,-63.22112074453657
1667,-53.29388969250666
1668,-6.339134231786202
1669,-1.7022961977776796
1670,-11.931306705714531
1671,-19.025519964576432
1672,-2.3407999708589395
1673,13.389283728553552
1674,-39.55188553207093
1675,-49.00592255441582
1676,-7.4755101916697635
1677,20.44139264398876
1678,4.57742672720606
1679,-26.194807475238015
1680,-30.606018631966126
1681,-26.202375116843772
1682,-87.26486865201359
1683,-82.62425565740617
1684,-69.47877395743129
1685,-36.79465446429663
1686,-46.71308000029248
1687,-59.31826917800064
1688,-48.29346496196001
1689,-25.75640820544416
1690,-91.41575426708991
1691,-120.98859597987104
1692,-52.68151891663078
1693,-24.693709476164063
1694,-39.740831888652366
1695,-62.711384130334146
1696,-55.11929010964231
1697,-30.280822631566956
1698,-100.97128003761591
1699,-122.47058795607634
1700,-60.63348528061791
1701,-15.76294665997512
1702,-29.255756267622903
1703,-37.67231664886504
1704,-22.204300092543434
1705,-2.572250685611267
1706,-56.580907680591416
1707,-69.2399392300888
1708,-46.181206365364105
1709,-23.21169654129695
1710,-56.1047898117761
1711,-65.9896769721903
1712,-45.62817555410261
1713,-26.8455787548934
1714,-93.04758496204846
1715,-90.01795520214803
1716,-52.5517177723458
1717,-20.45713871211808
1718,-33.730404364152555
1719,-51.01098104284486
1720,-43.11295884750367
1721,-24.98237092675345
1722,-98.84381525463635
1723,-74.64688461308307
1724,-43.3526940289831
1725,-17.328834699940085
1726,-30.997765605989727
1727,-32.71311489279456
1728,-22.01853429473572
1729,-12.826272719328523
1730,-81.33235309783976
1731,-73.00183860758223
1732,-30.52125525434617
1733,-13.120968007101473
1734,-18.65753342881664
1735,-25.33141340942037
1736,-12.593196765210912
1737,-2.5992038745267037
1738,-71.23727547071636
1739,-77.43228444922839
1740,-20.671986049365334
1741,-4.363696690275248
1742,-25.940291452337043
1743,-41.825354214062955
1744,-29.653149580408158
1745,-9.209184107290945
1746,-63.31187649385114
1747,-85.39718450263375
1748,-43.43599875323373
1749,-16.778551322006834
1750,-49.463171439045155
1751,-75.67721166094604
1752,-63.66387032265156
1753,-37.45705815090826
1754,-92.16886895402753
1755,-92.30952467692359
1756,-48.17307937053039
1757,-29.042850972834803
1758,-40.8174496186827
1759,-49.101171950136425
1760,-43.77057001886182
1761,-28.522420591265785
1762,-82.3375557758667
1763,-93.29741804619988
1764,-58.0947564106009
1765,-52.22753573846479
1766,-48.295406445044485
1767,-41.40324963557051
1768,-17.375398039536915
1769,4.97465279141097
1770,-56.11794557586128
1771,-80.33977760892085
1772,-54.534470782498374
1773,-19.99770497986388
1774,-48.23959175747369
1775,-58.862563549013146
1776,-42.432199142624306
1777,-23.883795152835226
1778,-84.56211196963673
1779,-70.08314997558287
1780,-21.043456871721556
1781,-15.548738506793217
1782,-29.134773015355215
1783,-39.144624382601805
1784,-36.28229757861971
1785,-23.696556601115937
1786,-84.54247581047497
1787,-67.6766245050682
1788,-4.255569100193887
1789,3.4456458664034475
1790,-15.670214593674814
1791,-32.40551755591684
1792,-14.82522878013795
1793,3.7444940440620464
1794,-39.573788796745916
1795,-38.314220871011955
1796,4.597409328345287
1797,39.438059949788894
1798,14.1300295521672
1799,-17.176468442608456
1800,-18.186210232349715
1801,7.47898247172073
1802,-28.45572517576588
1803,-28.464799225242405
1804,13.298753219852447
1805,32.672552147452905
1806,-4.522140838386284
1807,-19.589168013633415
1808,-16.412461469544915
1809,7.0333729823952815
1810,-31.265596992112126
1811,-25.655045643919763
1812,14.091373113469437
1813,36.90077623930643
1814,13.83662939959828
1815,-10.046891949952444
1816,-7.654724989686424
1817,3.954690789713455
1818,-43.10501586450182
1819,-27.04104979227733
1820,14.91527356495839
1821,20.84516862063403
1822,-13.63833525214758
1823,-45.83089636439111
1824,-29.51780221356752
1825,-12.784647831317255
1826,-66.07514454999612
1827,-62.87946559326685
1828,-4.591910432987292
1829,26.09998509559247
1830,-23.68666642340762
1831,-47.42914418075678
1832,-29.992960320395962
1833,-3.4922347219429337
1834,-55.42562103659883
1835,-70.7029270378246
1836,-26.453081586855358
1837,22.366574913733075
1838,-24.1991505992966
1839,-28.405650070178673
1840,-17.72003830359499
1841,-9.961617240122449
1842,-60.61005664475571
1843,-54.57208558109554
1844,-2.806280572305968
1845,-3.56696880513025
1846,-15.79773702942668
1847,-30.69924020668995
1848,-32.67965771094673
1849,-19.940341160583568
1850,-69.79080970071836
1851,-56.43587632839338
1852,-14.154397173292928
1853,15.476460381540758
1854,1.0742935822510187
1855,-46.53694154420209
1856,-55.00197522991408
1857,-40.706027412902536
1858,-102.77966114787931
1859,-89.19119389880763
1860,-15.152005267029383
1861,-16.70776819476983
1862,-60.235304824823835
1863,-82.06789615647257
1864,-71.98762977669523
1865,-57.49440437365356
1866,-103.84326958659716
1867,-91.43820179533617
1868,-50.60117587471443
1869,-23.269253721924333
1870,-34.796770946291474
1871,-55.40647710468416
1872,-41.482576435659716
1873,-23.326708806610778
1874,-93.49948603090533
1875,-103.98977827945674
1876,-59.310095695166126
1877,-34.69643704426338
1878,-32.571115928180916
1879,-54.010099341572804
1880,-47.995909014200734
1881,-31.072278646397216
1882,-101.77307257224567
1883,-102.16547347542006
1884,-53.82023789259332
1885,-21.04379496885533
1886,-40.522361212636866
1887,-69.18771717919913
1888,-56.20051394460338
1889,-40.97695568320177
1890,-123.73915912849841
1891,-134.94654805248112
1892,-81.47287820016996
1893,-29.87801517478013
1894,-56.59721943305303
1895,-80.58898322448702
1896,-66.08409906937992
1897,-47.18583677963865
1898,-124.4236970479681
1899,-129.0753449501649
1900,-46.30053548339588
1901,2.0618107404814876
1902,-24.69231717460483
1903,-53.290720897298144
1904,-52.322650665285636
1905,-32.780827530555925
1906,-95.4804969500495
1907,-76.34161316726517
1908,-12.261872331163008
1909,-3.458035922888208
1910,-46.269052799639766
1911,-75.00539613371625
1912,-65.89772684737703
1913,-42.36579209236986
1914,-117.63536841884614
1915,-105.00346126501705
1916,-30.922041650326577
1917,-26.34762392583123
1918,-40.29345594717867
1919,-48.72427568821467
1920,-39.85163872984003
1921,-28.46456862551677
1922,-98.42522672278467
1923,-60.26058646475567
1924,-15.520281949085417
1925,-11.204965142648776
1926,-21.44838987703837
1927,-29.50390340339834
1928,-35.065016190362456
1929,-28.228838772265757
1930,-86.96340836232255
1931,-53.590674233131054
1932,-6.1468367488947715
1933,-5.079708787717681
1934,-13.896505023326592
1935,-16.546502991077862
1936,-9.910026383883912
1937,0.17971859191359782
1938,-63.40337181239686
1939,-39.88843208058988
1940,10.726914568421089
1941,37.68890306250514
1942,18.94082816712595
1943,4.644636397796044
1944,-8.51674339570132
1945,-0.7780992649958596
1946,-53.93609177488376
1947,-57.30008276849706
1948,-24.04023024544509
1949,19.009680142952874
1950,-5.323858417455012
1951,-29.784963351101652
1952,-45.774373273643356
1953,-44.42388134559281
1954,-92.94475184007244
1955,-59.08653862153515
1956,-25.28464452642552
1957,-2.9474362800282248
1958,-20.553738121237938
1959,-31.18133077045763
1960,-19.752964193482423
1961,-0.9341278456859432
1962,-54.69645332480273
1963,-58.61417171920498
1964,-12.779184369686693
1965,25.21506226106106
1966,-2.190851554093351
1967,-33.990000083160886
1968,-27.634001285327344
1969,-9.867831893579863
1970,-75.24161643631274
1971,-87.35774713469743
1972,-37.45349466411
1973,2.1528880814594276
1974,-41.60696899216886
1975,-66.87235172692175
1976,-44.03693884293519
1977,-15.812129457804682
1978,-77.21898365549127
1979,-88.86093520893546
1980,-38.141774666876316
1981,5.49853249704769
1982,-22.516374724500434
1983,-47.111807582648495
1984,-35.7237826068664
1985,-12.68278952867488
1986,-77.33444935650547
1987,-61.51469790105145
1988,-9.297094592582688
1989,-2.9279525656831273
1990,-32.47933995190944
1991,-48.49842408342045
1992,-44.068089951454084
1993,-29.09772072503706
1994,-102.29304097207174
1995,-72.00523522432172
1996,-27.210446534515643
1997,-8.969708653162572
1998,-17.881199934970866
1999,-36.57709606664333
2000,-33.899392727109095
2001,-13.915981224775008
2002,-76.96270460796212
2003,-76.46205003687078
2004,-27.289222939727985
2005,-22.822916928398406
2006,-44.079526009191575
2007,-39.96106531911189
2008,-43.999543983113995
2009,-37.56502852117213
2010,-96.65054393313025
2011,-75.91447885319309
2012,-31.565835279298817
2013,-3.0186632663660378
2014,-12.156435889801743
2015,-18.709236045532386
2016,-7.545617523170889
2017,8.85710277043162
2018,-43.796647042281485
2019,-56.61612860281275
2020,-27.3601753608534
2021,17.96881714929013
2022,1.0359502994290801
2023,-11.974697904599957
2024,-21.861078517899077
2025,-23.456589335458442
2026,-75.3499680115266
2027,-73.6775014232146
2028,-46.00745405308371
2029,-21.610900133067528
2030,-65.75349447267106
2031,-75.82974677635421
2032,-54.82437487670814
2033,-32.97026763767457
2034,-80.97556956533259
2035,-72.86039171336282
2036,-61.01879756692165
2037,-25.79362681111898
2038,-38.89005760660857
2039,-48.14961897374967
2040,-33.45902230371498
2041,-8.659725210655882
2042,-59.58954945696527
2043,-75.97064631748057
2044,-49.44431008416885
2045,-8.883137594774974
2046,-13.519428313094012
2047,-17.42103001589149
2048,0.1364602359175313
2049,-0.1950910253839776
2050,-57.65830528721529
2051,-69.83522275042883
2052,-43.59696447251686
2053,6.787338138090578
2054,-13.66377107473597
2055,-27.6631224430575
2056,-17.865729201653618
2057,-6.435171674134056
2058,-61.365048521039995
2059,-59.51955462973183
2060,-24.925881980464787
2061,20.31191972941306
2062,-4.886728198581046
2063,-36.140840161887986
2064,-37.9448648927039
2065,-33.26003022388928
2066,-72.47728748739843
2067,-40.545735607790974
2068,-6.535843957389931
2069,18.186972023363467
2070,-7.146979089292824
2071,-21.72606925825141
2072,-14.322881732409217
2073,-14.770016213988615
2074,-70.86821195449481
2075,-30.04193488353581
2076,2.020369299457324
2077,-0.18576064255294814
2078,6.822490617067657
2079,-12.19016372608229
2080,-6.729753526277611
2081,6.9558803421941064
2082,-57.760872462037696
2083,-51.336340929648024
2084,0.8011493769227624
2085,16.550522644461445
2086,5.382643481055573
2087,-23.83296502312963
2088,-28.266821801659077
2089,-23.0368610991831
2090,-85.81195851948976
2091,-62.82936219806877
2092,-24.54723741503639
2093,-21.20178984276103
2094,-25.367536138011516
2095,-16.67183763515027
2096,-4.973802571637122
2097,11.078615537329501
2098,-38.32386424443371
2099,-22.977585300125973
2100,17.9815587130802
2101,18.95865399155979
2102,-22.311247262731282
2103,-37.07836942642397
2104,-12.34261492294459
2105,2.0425917284379684
2106,-58.67951722113112
2107,-57.24445011143314
2108,-16.42386946244912
2109,14.811399022410464
2110,-38.76915627566517
2111,-55.97438985159496
2112,-35.709460475123336
2113,-33.86041139207724
2114,-76.05418298368183
2115,-62.23354918590832
2116,-43.827387552084524
2117,-10.58579317407406
2118,-40.3964930558445
2119,-52.3948132206005
2120,-34.32312196988932
2121,-23.509885982714035
2122,-79.7042670106716
2123,-91.81125857515019
2124,-48.61602464948296
2125,-23.716452789158495
2126,-25.220539966201684
2127,-27.646389627540838
2128,-22.296473420271475
2129,-23.413957772776513
2130,-77.2851456209543
2131,-51.04632815262932
2132,-19.292093821058597
2133,-9.776302945937125
2134,-18.710109250166518
2135,-15.102335038981538
2136,-2.2239875453450724
2137,1.6205881704546319
2138,-50.81401356086652
2139,-22.817552916064752
2140,6.794960005090347
2141,14.851125704229114
2142,-0.490486935824627
2143,-0.5927919528510539
2144,14.406208322504154
2145,27.274330388801953
2146,-13.705531904475341
2147,-14.563750987758109
2148,11.05988347147541
2149,48.628730247687436
2150,29.278895954313207
2151,4.555120016646671
2152,9.692942483063899
2153,26.243503479579807
2154,-18.92740377567766
2155,-27.27780646505181
2156,5.3389568599492305
2157,46.64054286807861
2158,25.85115345940597
2159,-22.469859148652887
2160,-18.93275554510441
2161,-2.7772960334744328
2162,-47.858370868672786
2163,-46.02370645565589
2164,-13.248921375353953
2165,24.07773063988289
2166,1.6058043168229783
2167,-11.181199049899282
2168,-10.515973083795513
2169,7.307285764795071
2170,-28.901758924101497
2171,-31.987756875957288
2172,-0.5975786956394765
2173,46.587317469151614
2174,31.689069450895186
2175,17.19574162177741
2176,6.750168202008669
2177,7.3539648220245875
2178,-31.16969411471899
2179,-35.65575050672413
2180,-7.723089502715519
2181,41.34740192341837
2182,26.376615933376176
2183,-0.8289872409471315
2184,-8.925943460598274
2185,-2.9283997572771177
2186,-52.53515830003204
2187,-46.728199891167996
2188,-16.27742276933635
2189,8.573726631947267
2190,-24.879455440067943
2191,-35.4403535883881
2192,-39.1798679711329
2193,-27.571475382900513
2194,-79.65612941060066
2195,-83.01287431657754
2196,-58.74222285422822
2197,-17.89725602452091
2198,-30.019162619282238
2199,-41.02629370821074
2200,-22.64704416673471
2201,-10.269731015766029
2202,-74.39529037004662
2203,-80.19952288443972
2204,-46.43670941064702
2205,-14.846041282177307
2206,-12.486897666172993
2207,-25.358807089468115
2208,-24.699780851796284
2209,-21.31469247093525
2210,-81.8437217841645
2211,-78.66954834705619
2212,-51.07947200108342
2213,-35.44612833604961
2214,-54.396908991271026
2215,-48.570423215635515
2216,-38.17753731484849
2217,-43.37397105138536
2218,-103.31297892632477
2219,-115.8943784020999
2220,-78.3200494421567
2221,-61.21922263807644
2222,-65.7980401812456
2223,-38.746139115684954
2224,-17.26679301594279
2225,-12.10569037794859
2226,-69.18260975354404
2227,-100.29455745066717
2228,-68.12750090632943
2229,-31.1455399999162
2230,-37.56134275258543
2231,-29.205307839074813
2232,-11.773569255481336
2233,-8.422111913217986
2234,-70.37732778073055
2235,-74.27704806824433
2236,-52.04104270885685
2237,-12.199343933107102
2238,-40.09102856032117
2239,-55.99374461728579
2240,-33.981886514718354
2241,-19.467280919137412
2242,-74.90017004880113
2243,-76.74831569310841
2244,-43.492803173481306
2245,-7.008976208406116
2246,-19.223301468541663
2247,-32.33659750883466
2248,-29.26050242010421
2249,-18.909859262743844
2250,-70.18923520992163
2251,-61.31282800766213
2252,-20.020220564253577
2253,-2.1504562182672333
2254,-23.306716062716166
2255,-17.71039508792102
2256,1.711256271209464
2257,8.89091484289578
2258,-40.69759632399352
2259,-51.152470351141545
2260,-26.73408909219221
2261,12.99379344432628
2262,-18.553140790366413
2263,-21.424865703443217
2264,-9.193284438546682
2265,-13.809103228081092
2266,-53.557388706564886
2267,-74.90271933439693
2268,-46.65503438462509
2269,1.6945751149676844
2270,-4.058560129161696
2271,-9.97862376304752
2272,0.15637002497441727
2273,1.1975203596816795
2274,-44.10487529151607
2275,-58.07431113913389
2276,-28.612738535551813
2277,29.13318742718089
2278,29.50033019265327
2279,7.57497625848477
2280,12.851419559884206
2281,21.070987456995745
2282,-24.329786359645794
2283,-25.903349380691974
2284,2.1273101139109527
2285,41.85252120239816
2286,20.588923702689783
2287,8.813248988073349
2288,6.663054233275076
2289,-1.049794194335279
2290,-43.6100592653292
2291,-37.632007891853426
2292,-2.074136233399097
2293,28.191874339092468
2294,2.6502396295246533
2295,-18.469063960657863
2296,-22.067108401661894
2297,-22.759899683922157
2298,-57.46529744405885
2299,-53.450527688795624
2300,-33.85695963078576
2301,7.549418999182103
2302,-16.62282770203473
2303,-43.43259255285728
2304,-35.16308337094658
2305,-22.591362039069836
2306,-55.77513856874327
2307,-41.62622911222945
2308,-21.360580368359436
2309,11.090566360093085
2310,6.017414379292755
2311,-7.92302556876303
2312,-6.635650777792201
2313,-10.96315925965565
2314,-65.88403218173642
2315,-62.16258976031163
2316,-12.356725444879027
2317,13.910727524777387
2318,0.27874996916846845
2319,-15.853580166954115
2320,-2.5813601591654405
2321,9.184324905636393
2322,-42.349143520885136
2323,-44.09456078074513
2324,1.1293454743802371
2325,34.794657851056094
2326,11.235345149820047
2327,-17.26348865844536
2328,-14.540419782298526
2329,-14.586464306068608
2330,-67.83946995602406
2331,-55.32562828970817
2332,-16.542670947544483
2333,23.037080993652687
2334,1.573915477299135
2335,-23.36575772967669
2336,-30.083744630277554
2337,-25.594445294082345
2338,-48.40252866048538
2339,-44.31387940394502
2340,-12.880140269277188
2341,24.470135763959412
2342,-2.7757446487341237
2343,-3.877662675908118
2344,2.019928625077266
2345,-1.227154280265543
2346,-38.399538092580926
2347,-43.87118727702842
2348,-10.8741549447947
2349,22.956164425548906
2350,10.957508899397407
2351,-0.8795261260605286
2352,2.1989291111431113
2353,3.2749784159784627
2354,-33.80859672773707
2355,-31.40593716112981
2356,-5.556214132068004
2357,33.10157375631605
2358,28.30329728258227
2359,22.415077878818842
2360,21.631695959531545
2361,27.003033054295187
2362,-15.45260075521372
2363,-28.847696889042563
2364,-9.57452245679026
2365,25.865194497792206
2366,13.308067254024108
2367,-0.006703562045570649
2368,7.56018643037023
2369,18.56088845051226
2370,-13.329887874071812
2371,-20.104019626960948
2372,-5.503091215789808
2373,23.746432945855176
2374,-1.2144721216084304
2375,1.2204229489091898
2376,3.791316063914463
2377,15.497057628921246
2378,-26.268928289023776
2379,-33.62768466700354
2380,3.2337898107376137
2381,37.77278829455652
2382,31.92570103213768
2383,17.4582020329238
2384,17.64551146391379
2385,14.605503418457449
2386,-48.086361680328
2387,-36.47905699989017
2388,5.36291274552085
2389,25.445868253461338
2390,6.825591480935153
2391,-2.679291697135457
2392,7.771960814695294
2393,6.496615948497318
2394,-35.264604020202945
2395,-39.76445969746602
2396,-11.440688859018431
2397,37.22716665835717
2398,15.74410602451217
2399,3.7470474804040377
2400,10.331533908472608
2401,8.55092772649403
2402,-30.979756683703084
2403,-30.376087825462943
2404,1.3254558604586186
2405,29.66502454788445
2406,6.880900118756482
2407,-19.964733391905305
2408,-18.544874943410314
2409,-13.941846346075591
2410,-46.75301831746072
2411,-34.15774279893277
2412,-1.141623115135924
2413,28.39695382225716
2414,23.677573366822056
2415,7.627085809003332
2416,1.176723233221917
2417,-13.11857773755623
2418,-55.3915321985595
2419,-33.96280136281027
2420,-7.0983843038574586
2421,22.13936238149919
2422,18.81811085329129
2423,21.640793122470434
2424,12.5301801805771
2425,8.08513861065541
2426,-32.04802758800062
2427,-21.53933236887762
2428,3.4601028156233054
2429,31.479538769334845
2430,9.583933027076291
2431,4.741957102783914
2432,14.744053108781399
2433,21.759722156661812
2434,-8.257563806225235
2435,-23.390752778467313
2436,-3.09828971887953
2437,31.93955909208078
2438,33.8665413064207
2439,17.658786992083638
2440,19.522203837268613
2441,30.380607100978377
2442,6.5393692830034995
2443,-23.675449255716355
2444,-2.0249449563375825
2445,49.58339563193148
2446,33.95802865161452
2447,29.02785107518548
2448,31.333418387193845
2449,35.26749950506438
2450,-1.8327285873238903
2451,-21.682666502900403
2452,-4.513404592431051
2453,48.64001405855134
2454,26.857312705156232
2455,13.39305739156279
2456,11.890197631023884
2457,24.362769734148987
2458,7.91210775613869
2459,-14.015092991707608
2460,-4.262175044740047
2461,45.45595473040911
2462,36.103922340778404
2463,19.921783033961834
2464,23.272256251161217
2465,38.519646799244285
2466,6.169113797143814
2467,-19.330557996789167
2468,5.105960447597487
2469,51.040245209467024
2470,37.86035807111176
2471,36.41024194395486
2472,39.00346814834072
2473,44.63784145594802
2474,1.4930406729902579
2475,-17.298609871246647
2476,7.1860552449588
2477,46.335793331032434
2478,33.418314574318046
2479,29.799583113880363
2480,39.56997464784602
2481,47.9850880917243
2482,24.666453853666617
2483,7.028880663560811
2484,20.067133355852643
2485,53.97708985321394
2486,50.660546172986336
2487,45.74463413186171
2488,47.435453156588835
2489,52.33600731566458
2490,21.125039867522407
2491,0.9798947889939181
2492,17.028778687638425
2493,53.01482484612932
2494,47.43715738195764
2495,39.20984277426855
2496,43.422292604633626
2497,48.48769541178883
2498,9.602909014249107
2499,-2.848799669775338
2500,18.12163424676722
2501,59.39589964390869
2502,46.877289941879845
2503,36.30182795658382
2504,37.65491402414969
2505,51.3297751057546
2506,28.357390886523383
2507,-1.378692166977111
2508,21.29848958627171
2509,58.996051326773696
2510,45.12670359239881
2511,37.42863984645556
2512,40.48425688045792
2513,50.87439701653225
2514,24.196767308212607
2515,7.593307210837668
2516,20.773929758857783
2517,61.5912437506913
2518,51.548420812561695
2519,36.83730358653788
2520,40.10691805724724
2521,48.72171605123321
2522,15.326449036636737
2523,-8.24362739478577
2524,10.835789266755464
2525,53.908230902700076
2526,51.83473575500461
2527,39.65350951847355
2528,39.663423427553575
2529,41.29095159815324
2530,-2.2913109929504656
2531,-15.12723250759234
2532,3.202448438096629
2533,38.755364774004235
2534,28.93935182240968
2535,24.200893810521023
2536,23.240319830882843
2537,32.30603573976154
2538,-12.50350446492518
2539,-31.15173459109575
2540,-12.649574615531918
2541,23.916110116131648
2542,30.290515168482376
2543,27.36141405868957
2544,31.62599970317458
2545,34.30320340437364
2546,-13.552356380784705
2547,-15.797839322012992
2548,11.203489941992089
2549,44.27106774585708
2550,37.993351447633984
2551,31.13908042913149
2552,43.17567176405669
2553,50.80620731675425
2554,22.938416545797097
2555,-0.5457903209210475
2556,20.247282282766285
2557,68.28122736655057
2558,55.5528877955862
2559,44.93038363907257
2560,45.18828687620592
2561,47.41598042514755
2562,13.766108442826857
2563,-5.851676273940547
2564,21.797292130522553
2565,63.76062628054725
2566,51.16144965203369
2567,41.86896531916703
2568,42.20476494290196
2569,46.861804133275086
2570,12.766216646814472
2571,-4.797617586960072
2572,14.539812175394957
2573,49.62369111580365
2574,40.87496556926356
2575,35.68449658494146
2576,37.107883519337875
2577,44.1343064218035
2578,4.7512888462125416
2579,-16.353095084142417
2580,10.890247001630145
2581,45.303979187357896
2582,32.65791836343509
2583,25.43511503126652
2584,31.869383377921885
2585,37.90964764600966
2586,-20.354881537553375
2587,-30.629172644531753
2588,7.601769466488649
2589,40.81463495961646
2590,31.055208530244574
2591,31.265089623314005
2592,35.20323618690924
2593,40.60024359376235
2594,-12.323047787749156
2595,-16.032103565599254
2596,10.196841989698088
2597,39.14261877496097
2598,31.00945497983376
2599,34.78859931480637
2600,42.144356194386596
2601,43.989240113642005
2602,-6.841082800787561
2603,-16.96381991649696
2604,11.259137933698737
2605,46.66663694283773
2606,32.08297594342182
2607,20.509399295119028
2608,29.481539007232175
2609,39.88791536915508
2610,3.1812433485216545
2611,-14.139990817677027
2612,10.261696223045973
2613,47.16023485151364
2614,33.993225615710635
2615,23.74909255050101
2616,22.6220384723321
2617,27.468812058685238
2618,-6.343503049979894
2619,-20.572339801244578
2620,0.7092316286848409
2621,41.806019257169666
2622,43.52138127880315
2623,39.15028666573656
2624,36.33645366153485
2625,40.24903675622898
2626,-1.2877628622914452
2627,-37.38473402690945
2628,-16.346699342066724
2629,33.501482048277836
2630,30.57199220093125
2631,24.141253030966578
2632,27.20846672778748
2633,33.1170711418352
2634,-28.816266635558353
2635,-46.32764344117462
2636,-19.097904241504096
2637,26.739553846415397
2638,28.45114145167605
2639,24.127703996612986
2640,31.452582979501127
2641,33.724058066561305
2642,-34.09611123147587
2643,-40.62742908326399
2644,-15.360802389251496
2645,25.770302617744107
2646,21.58647742325807
2647,18.87948148457762
2648,26.62953280254479
2649,25.926263235810772
2650,-40.963004555579346
2651,-43.911848432545455
2652,-10.561719335612787
2653,20.855961129940326
2654,17.458777659622008
2655,17.076199742852182
2656,23.886856187018548
2657,25.942763687272834
2658,-32.94961301479136
2659,-43.244038112106075
2660,-13.976860654058573
2661,21.823042072190116
2662,12.37200225706181
2663,9.347362293232612
2664,22.67595651894636
2665,34.94805310369491
2666,-4.813792605832208
2667,-17.219192103550128
2668,1.4229410620773137
2669,33.406240017807846
2670,14.986861177042838
2671,11.168376536448815
2672,18.695212006203718
2673,26.988887801543036
2674,-36.39671204041476
2675,-49.38265557573905
2676,-22.741261459726154
2677,14.44337084877865
2678,5.929439144918895
2679,12.923090985723288
2680,19.92324449893282
2681,18.43575786321035
2682,-40.73385956603988
2683,-53.82029763315419
2684,-30.215531088471614
2685,14.773348181462058
2686,13.214799175124076
2687,16.02034630670426
2688,26.52661848048985
2689,29.37005973252891
2690,-32.347993094143604
2691,-27.46807480280993
2692,7.35469486139694
2693,27.525690772018038
2694,25.875132669437644
2695,26.852534608668375
2696,31.67248967161036
2697,38.25980236051717
2698,-1.9584748600564301
2699,-7.0944590018654115
2700,18.36214232581504
2701,47.25311689498186
2702,29.173906447024205
2703,30.797037377403218
2704,37.32071856507886
2705,41.54716708145686
2706,-4.397412404599624
2707,-11.822687708879325
2708,15.67771128366193
2709,42.90060636487439
2710,23.213280513081994
2711,24.237345387009366
2712,34.068954073951154
2713,38.30698793362113
2714,-10.592012403981757
2715,-16.198456262722498
2716,11.561022919508313
2717,37.4087870221748
2718,16.246564975493126
2719,15.134417370388878
2720,27.457884234432576
2721,31.829872109439112
2722,-19.22828141999111
2723,-29.711243209445087
2724,0.2282137236179829
2725,31.7757852488685
2726,12.496435187717758
2727,18.87359304984698
2728,29.424379790558206
2729,31.53422436749317
2730,-22.295227102453314
2731,-39.34002315525563
2732,-3.9561752867740725
2733,33.38004584009064
2734,6.374997083148569
2735,11.92309638054451
2736,27.741553068567484
2737,37.38679214025016
2738,-2.486166220030572
2739,-14.183368885822757
2740,18.047570628645325
2741,44.68941875737777
2742,19.039704610333317
2743,7.447183040511764
2744,16.147595093445148
2745,27.985653886107887
2746,-9.795553228573134
2747,-19.90815086197558
2748,8.702747181007362
2749,39.78508717032951
2750,21.453300996329137
2751,23.867701386670152
2752,34.324140864370946
2753,39.95328178043974
2754,-3.6261929438706315
2755,-11.125581238935151
2756,16.250407853602333
2757,48.07355929572862
2758,31.19593467411567
2759,26.349968255896517
2760,31.10461068045262
2761,39.265801431334246
2762,1.0524885624803109
2763,-10.412435921209052
2764,15.518929801923923
2765,58.05312595781234
2766,50.788560501100285
2767,43.93601666308711
2768,44.813503891154795
2769,49.277158257013895
2770,10.217983376091842
2771,-1.4691977733688892
2772,22.636430363984374
2773,63.19253944856036
2774,56.33318910281993
2775,43.71755987344524
2776,41.96628052194588
2777,45.73098163325186
2778,10.030163710443121
2779,-2.1408246219689104
2780,26.09262136586038
2781,64.7589827904133
2782,56.358102421768145
2783,46.56741846631772
2784,41.688540899712336
2785,44.04947698282014
2786,7.274880080564428
2787,-9.338862989725124
2788,19.357894901014426
2789,63.80708363304536
2790,53.65497125640861
2791,43.79470469330589
2792,43.17300071554147
2793,48.36173886180659
2794,1.885816011061788
2795,-14.580561571105484
2796,12.924959010585205
2797,49.39648511256539
2798,46.04100997893766
2799,37.10707500170057
2800,42.72216160893569
2801,50.27497650849218
2802,-0.20095993397122533
2803,-24.573091329106454
2804,6.6097619474952705
2805,46.10122114070461
2806,34.62068887651163
2807,27.405635872027638
2808,33.968109078482634
2809,44.74663510552937
2810,-12.0653000794696
2811,-32.981205428054004
2812,1.1669159894669747
2813,42.68592703992256
2814,30.524379466240454
2815,26.119063475779377
2816,25.97974101797738
2817,32.81102811608765
2818,-20.808491942093138
2819,-30.892149864297863
2820,-0.05003409175598102
2821,27.12380340975932
2822,11.119725234709366
2823,11.99527034473683
2824,15.875485416323555
2825,19.021782056081307
2826,-45.47241799388734
2827,-49.64473268855146
2828,-10.191176731581645
2829,28.311652783437456
2830,18.728319696105014
2831,11.49391656106748
2832,15.710233844999202
2833,17.72537161568686
2834,-50.12105060014492
2835,-51.22700894812162
2836,-16.98603578655388
2837,26.44183879915261
2838,10.612851494920102
2839,3.8554360355791912
2840,13.647057568965533
2841,26.61181597198599
2842,-30.693675324044825
2843,-41.57324793108063
2844,-6.361793986023235
2845,38.28892227145717
2846,17.048368110784015
2847,13.952333694480002
2848,19.404018571951504
2849,29.556597596565307
2850,-25.137319306202343
2851,-36.10748911721851
2852,1.01415467386518
2853,37.82646911867763
2854,6.793972752763526
2855,-7.481416891405763
2856,1.9167738833347907
2857,17.88816010550633
2858,-44.287717011172134
2859,-56.75660378828668
2860,-21.265761768829773
2861,15.255113586645448
2862,-19.669804316823154
2863,-32.91266155550361
2864,-17.53975984705829
2865,-2.0280834824503717
2866,-81.00969814617628
2867,-92.68485951764048
2868,-44.75112576273299
2869,10.155498001289287
2870,-7.191605751123367
2871,-16.299893698704167
2872,1.4009992175562904
2873,18.141752653773757
2874,-54.08277434484159
2875,-61.292388600006255
2876,-19.286941097256168
2877,18.257106002153925
2878,2.6403841659274114
2879,0.08082823604304537
2880,15.490922235572674
2881,30.82913203432007
2882,-26.291808064088535
2883,-36.69657957926562
2884,-1.6243028404144408
2885,31.528681117565423
2886,9.74539685212254
2887,4.695656246314402
2888,12.52967829844071
2889,26.319847671888184
2890,-30.165876903676736
2891,-48.08213243741993
2892,-12.92458916903952
2893,27.909812780924636
2894,4.489101372220589
2895,-1.6530828922796803
2896,-0.17695455343859484
2897,13.816823317448387
2898,-45.12480123412338
2899,-48.43506167824611
2900,0.6357672463447775
2901,24.1059080733329
2902,3.028520037828641
2903,10.815082848802378
2904,17.95870309151716
2905,25.971409949203586
2906,-36.30392329299368
2907,-38.52051194832225
2908,-0.5269638882486708
2909,35.26864360369733
2910,10.832082207585755
2911,12.837682451657445
2912,19.189630969215003
2913,29.170893400727017
2914,-24.49196122062663
2915,-32.79690951881511
2916,-1.5817705891373164
2917,40.154754101801636
2918,23.200937054401223
2919,21.237201865349217
